id_artista,id_concerto,costo
41,1971,3386
17,2643,8288
100,1631,1917
2,2773,6825
25,1508,8374
64,3096,7953
15,2935,832
8,2610,9556
64,995,2438
43,2054,7511
68,1426,2025
91,2124,2804
47,2168,7077
68,509,4870
97,1430,2181
70,61,7627
73,404,9761
69,983,2239
70,779,9126
82,87,8276
59,1,6502
60,458,4693
75,1466,9834
26,796,2018
10,708,3945
1,1056,1736
42,6,7438
90,33,6456
58,2612,9623
35,1702,5617
19,1344,5023
60,3009,1446
71,1921,3176
63,578,8612
72,635,1185
43,23,9399
93,2354,2511
37,1040,4358
68,1394,673
97,1360,7325
73,879,7274
29,789,5492
57,175,2609
95,2103,9183
52,455,7246
94,2710,2624
69,1300,6967
48,2132,1118
3,1861,3234
68,1013,1323
19,3062,4178
18,2910,6763
77,766,5075
75,938,10132
49,180,4787
38,1449,10418
30,1305,3600
92,1482,3888
9,2178,4607
30,1249,10067
80,1012,709
54,2444,4238
99,971,8749
63,216,8956
66,1913,6360
13,1132,3743
93,17,9799
24,2933,1083
79,2478,8980
56,2776,4854
97,547,10028
75,3061,4829
76,2852,1605
39,646,1529
19,2657,8737
72,2694,758
6,757,4350
98,2146,932
93,1986,1375
33,1680,1554
67,961,697
54,2828,4639
42,236,2986
5,39,8980
70,1111,2084
69,1976,7349
32,1477,7950
64,2210,2063
48,831,4920
32,2863,10278
28,1604,5620
15,2264,6010
54,1054,803
19,1743,2898
55,592,7957
21,2461,6423
10,1974,6137
100,486,9790
86,2054,8316
72,2043,5443
54,1747,837
41,1666,3847
1,30,2749
39,1526,6690
68,153,6471
91,2545,1103
91,2251,666
28,46,6970
52,1101,3376
55,1707,5996
54,2404,8561
88,1139,9087
24,1103,10279
22,950,1091
66,299,3632
45,386,4250
54,1667,4213
47,1566,4778
73,2591,10049
80,2565,6659
84,312,9243
87,1288,6562
4,2720,3970
32,2021,1087
31,2223,5226
91,2610,4942
89,1774,9124
20,737,4628
70,2611,1580
90,336,5973
46,1722,6074
39,1865,3572
82,2141,6655
99,2781,2322
4,2522,10265
41,1905,1154
6,2854,736
9,2692,9622
50,1069,9583
70,2780,8491
17,1249,8766
36,119,9214
61,2221,2475
30,1238,10274
64,2258,3473
26,3085,9943
30,2721,1398
88,862,3945
29,855,4320
68,1960,7015
81,4,1602
36,81,1639
89,374,1859
65,1507,3387
32,1488,1023
71,2298,5704
15,77,3678
62,1370,1881
87,1914,3702
88,883,8793
24,1748,2573
72,2549,7018
15,2012,4614
83,398,7175
82,1996,4394
96,865,927
47,2670,4523
34,594,8844
56,2932,4472
72,1570,8935
81,2637,1767
24,1475,723
24,103,10296
44,1144,6468
56,2822,1552
72,694,9698
24,1737,3501
4,2327,3232
18,2540,1841
63,515,8166
17,425,1521
86,2829,8725
74,1217,5447
80,2924,793
8,1273,8453
72,2706,2590
1,785,4131
11,745,7951
80,668,970
91,387,1985
37,2009,7261
53,3017,4277
35,645,3215
81,2315,9628
56,1263,1210
73,1114,5708
5,1586,1633
86,2845,2314
82,1262,1548
42,73,10053
92,1216,9560
78,1418,1825
75,2161,9746
74,51,9282
57,2543,8865
4,2765,4717
54,2899,9903
32,1173,1855
34,1297,7120
17,1388,7978
74,3050,5890
37,2851,3233
46,998,5670
26,1116,587
7,545,2722
99,2317,9557
38,657,767
18,960,5185
36,801,4674
26,3095,7560
73,1307,1625
70,2683,5781
87,2599,9363
34,2958,2954
31,708,5356
42,2186,6696
55,663,7346
1,728,4129
91,1523,9010
74,1804,4938
7,1500,1610
7,1367,9946
9,1191,5339
60,2997,3255
14,1479,3836
16,375,2522
56,392,5987
62,1596,5985
15,2502,859
20,284,5746
84,1160,4247
17,496,8386
16,2760,9576
55,657,2068
93,164,7707
85,1562,8000
66,1624,6742
5,1962,994
38,1560,4383
79,1737,2204
87,2987,3245
75,1950,10214
64,2364,10422
54,7,7217
92,2383,8507
77,1847,2778
80,2142,3931
20,99,6103
46,286,3667
64,2106,9865
18,1887,9053
36,111,10288
10,1836,10275
41,829,9762
93,1342,6176
91,683,5879
81,1509,9859
44,800,1770
84,2928,10136
43,25,4856
78,2453,1970
52,850,6436
52,685,5328
53,1457,3178
80,1295,7929
24,506,3357
96,934,7935
68,1349,2714
62,894,639
45,3047,10205
16,2265,5721
15,605,8788
73,3088,563
86,2213,2819
62,2401,8264
30,785,7622
61,2971,2581
26,241,6204
69,257,859
83,1451,7078
16,1516,5744
46,1116,2636
57,690,3362
86,2136,8366
66,2297,3281
77,192,8309
60,2794,572
77,2129,4514
74,1978,4065
63,1879,4500
51,1220,7337
10,2913,3625
71,3099,860
16,645,4327
19,791,10145
9,144,1320
24,1020,4540
34,3010,4425
33,1258,7684
39,2880,3231
31,2765,5203
76,199,1940
71,1054,5660
22,1769,9890
6,2501,1761
76,2198,4405
78,2436,3837
46,1778,9420
37,480,1856
13,710,7150
96,2719,7666
17,956,5749
7,212,9387
48,2596,4263
76,2,4413
45,2431,4225
45,2363,813
16,1932,6211
19,2462,5309
76,3015,3972
22,2569,8220
18,283,10090
5,645,507
45,2731,8727
40,1361,6974
41,2460,8347
52,2826,8955
29,432,3266
60,1110,2527
8,556,2185
24,1220,6252
98,2311,2077
61,384,3049
3,1079,1197
78,2728,8730
33,117,3012
9,1669,7222
68,426,3732
96,1567,1203
17,2583,10323
93,995,4414
39,211,2961
18,205,2431
95,2615,6119
57,2721,6993
84,2800,8237
79,1827,9565
62,2950,1218
44,437,2937
66,2534,4780
30,2665,9295
77,1334,4565
55,2877,8377
62,281,812
82,1236,8058
67,334,9776
28,3029,4188
74,3072,1609
78,686,1413
99,1059,1419
24,853,7550
45,2636,6685
32,2120,7932
85,2442,5451
13,444,8345
47,3098,2659
2,2288,2569
13,1246,8571
99,1590,8226
19,2405,5417
93,2129,2042
40,2503,1661
34,2476,8497
44,1047,5719
46,1069,9691
78,1059,10059
45,219,5938
44,372,8245
74,989,5974
58,1322,1098
61,179,9518
23,2332,3562
14,329,3371
11,1172,5248
19,2021,4602
76,636,2910
92,380,847
50,2267,2499
18,1499,9249
12,2414,10275
90,2664,3162
54,1660,3545
78,889,1855
94,1451,10498
19,424,8540
13,2653,5670
29,570,1495
34,1545,1642
88,2519,8281
28,2906,8826
85,21,10465
57,2707,2361
91,1647,1901
29,531,797
3,2500,9111
10,2462,3763
38,1995,8365
14,2616,3510
28,226,9862
92,2214,5181
1,1876,4742
32,115,7974
77,138,8544
95,1997,8564
61,1268,2635
62,2553,7697
22,242,9452
96,2131,8389
91,3032,1722
61,2669,8947
86,709,3770
13,2624,7424
41,1054,9782
33,2226,9090
75,674,2514
11,1501,738
24,1064,2536
75,1354,2439
85,1823,1584
69,1223,9633
19,2296,8984
73,1508,1119
44,394,6823
86,1437,5947
8,1240,2867
41,2717,7051
79,2610,609
6,757,10085
40,1177,3691
62,3014,4828
100,915,8791
2,1871,7919
99,1948,1361
31,2389,3873
31,3073,9939
10,1673,8252
80,663,3192
22,2944,954
17,1021,3501
39,57,4764
54,1155,7105
29,2952,1955
56,2017,618
7,2425,9324
27,1051,1156
14,2259,9497
2,1568,2152
46,1416,8405
71,2869,5476
28,2217,10214
57,768,1491
50,1865,2996
49,2752,663
21,2970,7857
84,395,2839
15,528,10443
41,1894,6609
44,1945,3915
13,614,4440
87,2665,794
14,538,5890
30,1259,5003
42,719,3308
84,698,9028
30,2096,6766
43,1630,2778
85,23,4906
24,1516,8515
16,1105,7018
19,38,3176
66,2053,5104
70,499,6911
33,905,3460
47,2899,2964
56,1038,7817
25,456,10110
7,316,8985
15,50,1462
87,501,9137
16,2579,4920
94,1692,9986
61,2339,4941
73,3093,7868
90,1271,5293
96,1077,2629
74,2366,8575
8,3097,732
62,1960,6148
60,805,5178
61,1586,9805
42,1374,7147
81,37,3952
68,2271,2398
74,1832,8109
18,2921,3021
46,2328,7688
42,2085,7572
48,1983,9413
84,2686,3415
25,1969,6410
87,810,9752
28,1002,9059
53,738,9712
86,1630,969
68,2030,9466
65,1446,4736
48,2657,9546
91,305,9758
36,1487,1359
13,613,7910
87,2100,8259
65,2028,3012
72,555,10485
38,1873,5620
49,454,6158
77,212,1166
29,901,2248
35,2061,3193
62,828,8632
37,1802,10008
69,1376,3172
54,2613,1909
9,822,2413
37,1858,3061
87,1745,9449
100,1993,9999
20,2345,9422
31,824,7713
27,686,937
76,644,8283
44,2550,6247
88,144,2168
97,697,9533
50,1637,5557
88,2770,4211
75,1514,5271
2,1530,3867
16,1130,10260
51,2988,2740
60,2295,4259
96,358,9591
90,2388,2756
56,1039,3257
89,1702,2832
37,700,1648
11,2614,5830
42,475,2016
31,2743,6211
46,2721,7493
42,2190,1042
38,247,5364
74,177,1394
39,949,7059
84,1975,8110
13,541,3488
83,3042,3437
54,2332,8726
20,2395,8639
25,2851,7013
47,215,1557
72,454,2007
56,1739,7602
49,686,7525
13,2968,9141
91,451,2659
44,2002,2543
80,1293,8323
48,1136,3795
9,1854,4460
41,329,8621
95,986,7990
62,1848,8490
58,577,4548
3,1138,1180
41,1684,3134
67,1817,1221
37,303,10283
86,2839,10376
32,2053,10020
82,1082,6256
76,3001,1802
66,2231,3155
33,2967,6835
95,2839,4758
85,1592,7715
97,2176,5942
15,678,5607
41,1068,4576
76,285,8593
37,2102,1723
17,936,4722
36,2987,8945
38,2752,7127
82,2128,4430
2,631,1030
26,1366,3267
87,437,7411
20,3066,1051
76,2912,3852
42,905,5332
6,885,586
97,1232,1965
79,2350,8073
91,2733,3060
43,2327,753
31,1985,6246
82,1810,3728
21,2802,681
80,2557,3433
34,2866,3441
65,1954,747
89,2896,715
60,493,7196
47,437,7860
59,2491,3098
40,1202,10001
16,1563,5831
42,731,8394
73,2366,2355
3,1352,807
52,1711,1006
7,376,3250
70,2037,3611
9,1585,8528
13,29,8620
89,1218,9829
85,2480,2266
36,1498,8621
87,1665,4224
48,213,5693
73,2930,557
74,2964,6484
36,916,7953
20,1293,3505
70,2489,9708
87,234,9365
68,828,2178
10,1716,7139
68,2150,8325
99,121,5448
4,2901,8675
79,2733,9492
18,524,3705
86,1780,3817
78,483,5178
78,3100,2538
64,281,1867
40,1192,7674
28,112,3143
42,1360,6098
54,716,8713
23,423,7989
77,2247,10466
17,1410,2372
2,1567,7972
68,238,4069
25,245,5472
2,1143,5128
60,1332,8799
58,2860,5346
91,1003,4884
16,2497,3819
18,2360,508
28,242,9261
12,169,1746
1,963,632
93,2747,8230
27,2393,5972
15,2076,1876
40,1579,8067
26,2116,9969
72,2519,3064
10,2685,7666
57,2190,1685
39,2893,8637
84,1848,9861
73,1028,6245
59,810,4254
37,58,2296
14,3084,2770
21,1770,4386
65,2125,6176
95,2108,2966
16,783,742
95,525,709
42,1215,8933
95,2186,7066
24,1021,4751
22,836,5337
98,684,946
66,2258,7486
76,2912,1645
42,812,1345
98,633,6026
95,526,3145
66,285,10342
6,1297,9074
85,75,9245
44,71,5394
58,2197,631
4,1648,2422
75,139,971
14,162,7171
53,1683,3855
16,800,7102
19,90,4050
53,175,9413
49,1941,9148
1,239,8640
93,1154,7116
7,1627,5486
73,876,5746
62,2960,3096
85,51,637
90,1778,5076
90,2670,2794
61,641,683
73,1795,5880
80,2863,10378
45,1640,5983
34,1962,9549
20,2579,5033
73,2542,3054
39,1432,7722
31,1215,1101
45,710,5376
95,556,2297
38,1826,1654
80,286,9450
61,314,9006
38,518,7343
50,2138,9222
86,469,4395
13,1163,6320
84,538,6920
67,523,6095
39,558,2080
5,153,1458
29,1045,5807
15,2922,555
87,511,6690
29,2084,2025
25,1474,1700
91,1128,4131
44,3090,6603
37,2146,8538
23,1757,5451
85,2346,8967
66,2040,7392
36,1534,9452
17,1234,3059
6,265,5608
28,747,6384
92,430,4597
100,2508,9015
37,2021,1807
5,1707,8685
66,1970,7957
35,2973,6818
4,1954,3739
74,932,9612
39,665,6127
3,2264,4984
11,2826,8224
67,576,9042
57,1125,4021
70,867,5576
18,92,5020
73,1715,9776
35,2685,4390
9,1076,7622
25,2762,5935
26,1357,1113
81,943,6326
5,1393,3358
69,1161,1014
88,3084,1249
97,2353,3334
38,2600,2434
87,1934,5237
15,1929,2966
72,2471,899
18,1851,8774
35,1524,5867
46,2182,3611
51,2057,4547
79,154,5740
29,1269,3228
2,2184,6828
65,1787,5496
33,1278,813
96,1413,6296
99,1670,4278
58,1518,5288
89,139,6060
38,399,2716
47,1583,5855
89,824,10244
9,1384,4851
78,2419,7803
63,2925,5432
12,2770,2237
77,2585,9226
49,1001,3924
73,1205,9672
40,792,10085
43,262,7384
66,1284,5329
99,57,1359
82,1319,7314
97,1543,5209
25,949,858
35,2944,8789
11,1875,724
2,1815,6880
49,1251,8772
52,367,6906
59,788,5277
75,2636,4593
63,836,5155
92,92,1323
45,199,6132
83,2469,5690
59,756,3130
70,753,7155
42,1328,7224
58,164,8108
87,2121,7621
15,2429,5526
47,959,2106
39,2289,9886
62,2124,2425
66,1420,4732
46,694,2882
11,1707,5105
97,203,3344
89,3051,1147
68,288,961
68,1849,9063
15,1388,4900
28,2647,4769
96,2920,4739
5,3,5963
74,165,2892
100,2728,9620
63,1304,8224
100,2282,4838
58,2312,6219
80,2069,7586
31,1551,550
52,1339,889
97,123,6349
46,1970,6318
22,1092,7554
4,906,4369
90,2754,2705
55,91,7651
53,1352,3634
42,2904,6122
80,1670,3805
59,2787,2095
18,335,5172
57,2165,4989
76,1320,5660
93,1236,6258
87,249,9732
24,835,6531
75,2228,3219
56,1061,7056
74,950,6124
26,806,8887
41,886,5413
24,920,9408
34,2123,934
25,488,9351
39,1193,9301
33,2801,10364
67,683,10435
57,2578,2021
87,378,3127
99,21,4157
41,1403,6410
75,2763,7879
34,2684,6793
48,3004,2741
32,569,3573
59,96,2545
41,992,10412
2,1393,5800
58,1216,10262
67,1391,7191
37,225,4492
73,2745,1482
95,2839,4211
13,2776,1878
47,2987,3382
60,2959,1352
23,373,8643
99,2139,7614
40,1071,9144
83,2431,5864
25,3027,5887
4,2733,9627
13,405,2774
19,370,5513
23,1759,9021
24,2486,3508
25,272,5525
33,1664,4848
44,2360,6327
84,2572,6281
63,1504,10334
73,23,8901
17,697,5838
51,73,9562
50,2351,552
76,2711,3739
28,634,800
22,2737,1357
64,949,9179
88,2082,1438
40,2200,10320
50,1115,8045
21,1290,8724
37,2063,3771
94,1018,2504
78,2609,4172
22,3076,9934
94,1078,9831
83,2679,8049
76,1739,626
32,2801,9214
16,2047,3158
49,2447,3975
40,1067,1817
97,2799,8868
51,1620,571
79,1567,9028
86,1124,2632
64,2798,10394
2,2591,4475
66,465,2119
70,2784,5198
43,2380,643
42,2692,6114
96,2739,5226
87,1382,5125
58,155,2041
6,1516,7670
12,200,7832
41,1620,5629
60,555,5339
63,2362,10235
72,1622,5058
53,1783,7167
1,699,5715
100,1296,8405
86,1345,7748
34,2623,7073
75,303,5376
33,840,2245
58,3021,5395
95,3048,10352
14,2517,1755
97,1866,741
62,553,5245
65,604,2893
4,430,2457
53,1493,4924
56,339,7369
96,2491,3785
90,1769,3774
78,1942,7531
73,2066,9835
26,666,7250
23,476,2065
38,2115,7091
13,662,1309
7,629,5413
34,374,9165
41,2223,4315
66,1199,1560
33,2161,3873
46,1546,4290
89,1338,8665
32,179,3346
79,363,7602
86,1463,2681
68,1771,3341
6,1621,8334
74,2885,6374
97,1694,10013
92,2077,9092
62,2024,5815
59,2777,8585
91,2207,8546
42,340,598
37,159,5134
59,1479,5828
69,1527,8254
98,1066,1440
25,1779,7206
41,863,8531
41,1860,9433
58,67,5159
73,552,4075
78,2722,5094
45,1249,6334
6,2598,6287
11,861,3836
81,1912,4560
63,313,8049
85,3007,8923
90,2097,9894
99,1002,2464
61,2386,10058
5,2203,5426
18,1611,10114
32,2252,2364
62,757,4828
62,805,6127
41,51,2473
53,228,4752
49,970,9640
26,2023,1874
67,1801,3054
76,2507,7269
10,2797,776
66,1011,1552
71,532,9540
27,1926,7995
39,630,6340
27,478,788
9,1912,5975
9,1516,7299
21,1681,1320
29,3063,5109
35,2587,4381
64,1386,1700
69,527,1102
54,2560,4930
65,1794,7256
45,571,6862
19,2277,5334
75,174,7022
59,1254,8156
28,777,4848
22,138,6354
1,2872,8453
42,2276,2700
45,2279,5310
25,1592,8509
17,2412,2994
59,1631,4713
61,1372,8882
81,2446,8593
25,860,7371
58,2746,4614
75,919,5113
20,2576,5287
72,2012,8959
13,2529,2680
35,1116,3610
20,1736,2440
5,2145,6660
86,2268,5855
95,2357,2674
30,3002,4749
14,2668,5996
50,989,1346
97,44,4301
27,216,9933
40,2237,9257
3,2094,9059
44,477,3860
5,2543,3168
100,935,10074
8,1233,2888
21,26,983
49,1542,881
29,890,5225
39,361,1692
95,2467,8146
16,1000,9448
93,655,3509
11,2116,6944
63,2633,6929
27,401,4933
67,732,6001
73,1580,5394
2,2783,10231
89,2132,2983
48,2461,8610
33,33,2780
80,1881,6158
40,2572,2342
60,582,3836
62,1038,9801
9,2582,5432
80,2416,2065
77,2576,9289
62,2803,5463
84,1616,8002
45,392,2492
33,1607,1371
25,689,7193
4,291,3448
87,2102,1516
31,750,7303
32,571,9439
30,2968,7558
12,1875,3550
31,2771,7407
52,1561,5035
60,1078,8050
35,605,1918
61,2282,2773
70,2278,8263
97,356,10347
25,2612,3650
50,1044,501
25,21,1190
62,106,4068
13,1306,1440
5,2687,6608
92,722,10134
84,1553,850
68,2834,7848
46,946,4639
72,870,2752
92,1250,9843
100,2814,9621
92,2707,6345
96,144,6274
52,2226,7354
14,1398,1528
70,2248,10005
89,640,4382
55,1302,3986
74,394,7047
78,173,7439
18,2389,837
81,1155,5331
13,2007,4196
73,415,5418
81,48,1192
14,2482,1250
84,2130,2112
68,2015,6943
61,2533,7018
14,2509,4815
79,1952,1552
6,2501,7532
31,2774,5389
82,2675,6846
75,2379,10381
94,2873,8176
56,1833,9358
99,212,7463
99,211,9167
87,171,621
57,400,1218
18,2176,7672
19,1553,8974
75,2903,4246
57,243,9470
5,1772,2322
38,2386,6706
56,2928,4321
42,378,1988
42,2382,3827
15,1625,2268
11,621,8901
98,1221,2518
9,2927,7897
51,2976,7702
75,1323,3970
95,3000,8774
79,537,3714
34,1527,1361
73,2020,1171
32,1854,5222
72,996,3816
100,2578,6089
85,1249,672
52,651,1349
63,233,7472
46,1293,8746
4,1748,6506
32,2260,1654
31,1313,9303
7,1509,1825
86,2715,2983
29,1807,9922
23,2704,3507
80,852,2879
19,881,1433
6,1078,4386
72,1473,1538
40,752,2227
73,1964,5111
17,2294,1162
99,2263,7255
82,2591,3046
94,2233,1706
63,1850,5290
31,2698,4141
91,2179,1944
86,1462,1137
21,973,3979
7,1361,2306
65,1613,8284
87,1622,2692
98,911,9314
73,2622,3306
25,2325,9096
37,2212,4190
75,2223,9437
38,868,4566
93,1714,6875
13,1747,4362
28,638,1979
1,609,6263
61,381,6789
96,2529,10399
17,1240,4776
52,329,10191
67,2259,4037
51,2126,2809
96,820,3431
97,647,4404
28,1584,10336
40,3025,4043
71,1506,1884
94,2940,9585
59,589,6924
12,2006,1081
85,1431,928
45,527,2650
84,100,10294
1,140,6651
99,1075,6757
58,3015,7043
78,2202,5159
6,2676,1160
29,2601,1192
80,1024,5840
39,2067,6243
76,595,9325
98,2327,5081
29,2956,2764
52,3039,7431
52,2638,6870
6,2086,6209
49,1386,8137
24,2155,2176
75,1589,10277
76,2529,2672
97,1038,5746
23,1512,10106
9,2116,3284
84,2250,6782
5,25,5604
51,201,2717
68,372,3428
55,3041,4067
35,2108,9859
66,2215,4368
35,975,8360
95,923,3070
77,525,9260
2,980,751
47,2032,6362
96,1438,918
12,3097,905
63,437,5054
36,1952,1569
65,898,589
9,2640,10431
73,330,7627
61,781,4790
23,1777,4022
17,1664,3360
22,1241,1002
91,568,7082
55,1843,9199
11,1450,2205
40,2151,4777
79,1881,4797
39,1222,5132
65,53,7815
24,665,1727
64,2041,3756
44,3054,2507
27,2019,724
26,2469,2448
2,2798,1417
8,2719,1097
24,1270,8886
80,321,8604
56,647,2148
32,2971,6327
80,1862,1877
9,2554,2976
87,2869,6392
33,61,5821
66,502,8669
12,790,5517
54,712,10005
77,3092,3514
22,1402,1270
81,2498,9095
66,365,953
91,2907,876
38,1465,2986
64,1701,2167
89,2218,6667
56,1400,2379
47,1035,4009
95,1577,3123
95,1689,1033
34,199,1605
70,1257,3461
76,3031,6790
7,408,721
85,386,4764
22,1362,4474
21,1748,7022
74,2652,4263
21,1285,2336
5,1136,6016
91,1236,3543
31,699,9895
82,1146,6980
88,1638,4862
21,2664,675
87,2806,2227
56,2370,6279
52,2305,837
8,1305,9669
92,2565,993
11,633,10205
65,544,5535
94,2616,1053
42,1296,844
39,257,10362
21,1296,5850
20,2841,9573
71,1292,9878
29,1697,3209
25,370,7660
54,631,4891
49,2529,5351
14,988,2176
56,3012,7979
10,2099,1600
91,1778,1442
69,3029,6679
82,63,6283
59,603,9614
27,1782,1264
59,2979,1423
57,2062,3771
4,1192,6725
16,2986,4763
50,248,6259
36,300,10391
60,241,555
83,46,7136
7,1993,2413
12,1250,2507
68,195,8090
72,2273,9115
22,1178,1328
68,1397,9314
59,1144,9567
33,1862,8279
4,2503,4582
46,1918,8574
64,2332,9626
34,2045,4754
49,1165,4270
68,2550,8138
39,2649,4192
89,1899,10358
69,1405,8211
76,2695,9346
39,1986,8170
9,964,1641
69,1349,4929
5,386,10297
57,1134,8563
84,479,1520
3,1088,9240
4,718,7669
8,191,5472
51,1961,6552
57,2259,3810
22,1891,6590
90,2990,1463
40,182,6533
69,393,3755
83,2263,2182
100,955,10233
99,3064,1127
66,2440,607
33,1131,7635
63,1654,5943
37,2429,5948
34,447,3581
82,748,8773
10,676,2353
49,1736,1734
99,1160,10417
99,1118,9741
24,2193,4090
27,21,8074
12,1960,2203
84,1526,7912
4,2317,2762
27,1803,4926
30,1656,10013
32,2657,3742
39,2895,2519
80,102,4977
48,2372,3536
94,2606,526
2,261,5637
16,2730,7015
12,2542,3185
37,274,9046
32,2267,3968
80,1341,3780
33,1584,8680
5,2622,3612
86,540,4023
66,2059,3112
34,1687,3208
3,412,1428
83,2194,4561
84,203,3735
21,3096,5791
79,481,6160
55,2661,3001
7,1927,6131
63,2519,8062
26,1498,4184
40,1326,5005
6,2290,10147
66,233,10413
46,3010,2838
57,633,9592
26,1136,757
2,2538,10395
11,1986,3037
78,980,8991
72,2353,5015
51,2367,6035
64,1784,2158
40,2493,4408
13,1250,4129
46,2313,4961
8,105,1156
33,950,1458
42,312,541
38,691,5934
4,1766,7843
94,1566,9604
20,2268,5966
12,2287,1190
78,76,2950
38,979,6746
67,1942,10059
94,1867,1024
23,1908,4934
63,1440,9602
30,2393,8499
94,1228,7957
37,894,7539
10,1625,10074
24,1486,3318
94,1147,8955
91,1898,4059
82,1420,6085
69,1753,7324
5,1989,2454
49,589,4002
68,2502,1435
10,2325,1413
79,2447,8428
59,2442,5419
12,1562,610
42,1962,6123
93,68,2554
87,2803,7645
31,1387,6162
35,1981,8996
14,1075,2053
68,528,6211
7,1520,3462
79,1452,10165
68,2700,3454
6,3059,7219
23,368,3095
15,2563,4956
85,3097,7304
43,1865,9914
85,2838,8005
9,649,9748
26,1896,3069
97,2603,5969
56,2326,6231
45,1540,2129
97,2157,4547
14,646,2359
16,494,846
100,2906,9187
40,1091,4850
81,1229,4012
74,1591,2161
64,130,7760
82,2892,10426
45,451,821
28,2316,6463
45,2131,9133
39,2135,3812
87,1657,7171
54,55,7390
51,1574,7389
75,1176,1572
29,2415,2097
31,2894,4290
71,1362,7938
79,1627,9261
87,2414,5254
70,1482,3293
69,2917,8489
21,631,639
76,2275,4627
74,818,5444
51,2029,9435
94,1652,7337
100,431,2705
52,2184,1855
30,2281,1451
99,2915,1891
27,130,4606
18,2191,5906
25,418,9941
92,223,1262
91,2109,4048
63,1544,7573
34,1200,10001
26,2138,4068
86,2398,2843
42,212,9725
73,291,8137
99,1066,4348
22,528,4399
66,1776,6488
46,3013,4495
63,3090,6504
59,2889,3592
21,1360,5504
14,1993,1876
89,1940,8027
80,2303,4213
13,3009,5706
27,2780,4505
93,248,1639
22,913,8685
34,534,5751
50,1426,10244
92,1062,2727
56,925,8949
7,2969,6200
45,1054,9349
98,2697,3117
14,377,3503
22,1393,3427
52,2449,7489
40,1396,603
62,1509,2233
10,3070,9309
33,929,6070
69,2849,8472
3,2448,8397
22,1,9690
43,2280,8243
7,51,4764
29,1831,3549
74,2015,1305
79,1801,2476
60,2987,7105
48,1691,6672
71,2567,1492
97,2321,4383
83,795,6199
43,316,8365
91,929,8136
22,694,8429
57,2639,2976
9,257,3898
86,2358,8486
49,2648,8586
76,813,6093
7,478,2794
4,259,2351
50,723,4083
67,437,8743
68,828,8409
85,1194,4168
44,583,3904
15,2353,2607
3,866,9745
25,3040,3950
67,61,9993
47,296,8176
25,2354,3692
36,1967,2554
39,1405,4914
88,3091,582
27,1385,4493
54,3,2205
72,234,1964
61,3074,7577
84,3080,3820
48,1467,2130
29,1656,4106
93,2876,5034
100,1871,9231
74,622,4041
30,2488,8998
60,1756,1968
48,2711,8046
58,416,3957
29,1314,5699
17,735,7067
65,2057,8916
9,157,4995
76,11,10210
37,2667,6957
43,426,1447
6,1778,8080
18,1398,1080
69,2194,5703
85,1425,8829
58,1662,3341
84,455,1524
84,961,8976
69,2812,1405
95,1028,4432
80,1175,1034
62,2446,1972
1,1720,6221
89,1538,6381
61,1581,2303
82,610,10051
40,844,1275
18,184,5667
30,1861,10493
20,255,9482
76,1651,10435
4,1869,8123
77,2347,9952
11,2543,6579
43,2305,9195
3,2593,2940
93,2848,1609
13,1226,5861
42,1883,2905
97,986,5888
94,686,1492
5,1335,7166
55,146,4026
99,960,6505
52,2673,1255
16,799,7469
36,2658,3840
70,929,6419
48,1805,4924
96,2585,4893
64,3090,7123
88,261,9334
65,2758,4818
53,471,769
37,1490,8500
46,1120,8152
7,1856,9533
37,2526,7070
100,471,9985
78,1475,3175
83,2658,1368
50,488,9928
60,1358,9602
15,1905,2498
19,2355,3257
21,1413,7542
95,3040,2652
34,2571,1804
14,3064,2097
1,2688,8424
42,483,10022
53,1375,10325
92,2708,8880
26,2404,10367
31,2408,7418
60,1954,9625
54,1042,1490
71,145,4123
55,2627,9241
61,1205,8216
40,1161,4161
28,1063,6966
95,477,4321
94,1225,2738
67,669,6906
57,2026,8487
24,2642,4028
23,2007,1082
21,2194,7896
73,1158,1011
76,1561,8540
59,934,2331
23,3030,9366
68,2724,6542
85,1281,4532
41,2411,2138
38,3061,3623
33,1147,7124
43,204,8426
29,65,931
26,2040,7915
91,284,7261
73,258,6154
82,1175,8267
26,1751,10174
99,1348,1970
73,1512,4609
84,788,8908
55,1362,5484
36,2165,3831
40,1549,7559
89,2622,2224
65,947,7912
35,1517,7280
42,1178,736
46,440,641
6,53,3279
64,1630,8339
12,2188,3605
32,355,6529
39,995,2597
20,207,2227
81,2324,4296
74,55,6867
64,2299,5739
12,1000,9076
98,1996,9659
68,1045,2452
67,41,9943
4,594,3681
79,2716,7354
30,1325,4186
51,1450,4517
37,1082,7597
37,2108,5269
26,768,2140
21,1283,1162
83,515,8038
75,1094,8622
27,3,1062
52,2721,8909
58,2639,3051
52,1044,5683
87,606,6477
89,3033,4717
31,1737,9970
79,582,2490
92,1914,9469
46,668,6496
47,2341,5582
99,2563,2385
1,1726,6179
94,942,819
69,1313,6390
46,2988,7333
11,2335,4720
12,1615,3217
20,2556,2592
14,3041,8307
37,2076,7549
82,19,2748
95,957,5728
63,479,9745
8,14,1789
90,1185,1503
19,329,7868
50,328,8268
34,385,6451
70,2491,8525
51,2857,1387
67,1718,3158
94,272,4588
73,512,2605
76,495,5539
88,489,8242
28,904,1516
60,1214,3845
3,1954,1903
54,2896,1152
13,3040,10410
62,2403,10244
83,19,1947
90,2986,5314
48,1039,3225
98,229,9060
100,615,2720
72,2216,3220
95,2390,2101
97,2902,922
96,2279,1809
23,362,8461
7,951,8335
28,1779,8351
24,1742,1113
65,3057,10076
51,1732,7851
56,820,8757
20,2287,6725
86,1108,5451
31,902,5094
80,2060,3686
96,742,10297
95,576,9331
45,2078,9268
84,832,5167
21,1794,3587
23,1765,9546
53,1581,7663
51,1938,5868
38,998,5112
78,1572,8935
59,1471,7078
61,1910,1010
31,368,3353
15,65,9717
3,810,6171
7,1387,4738
52,2918,2269
1,168,7638
48,2949,6222
83,2457,1048
71,1187,9215
24,448,5962
88,861,1959
64,684,834
33,1725,2898
79,18,3563
99,2749,5067
67,616,2981
33,2359,9538
99,2937,9851
63,847,6861
45,2936,749
56,461,8109
62,1468,7331
18,1311,9033
32,1164,7575
90,677,3597
30,892,9998
74,2048,6203
21,899,3133
95,696,2917
35,645,5190
36,1380,6599
57,2716,4666
19,1534,5597
51,937,3259
72,14,9975
91,2527,2325
38,2171,9173
87,2108,1158
55,53,9859
97,358,3931
40,1704,7785
92,935,1642
61,902,2510
69,814,5604
36,413,3314
45,1513,2739
37,1347,9983
13,595,1560
39,286,1982
76,1486,9030
85,555,3547
2,1549,5413
54,169,10341
93,26,3529
42,2092,5321
19,2373,3617
48,847,2785
87,1183,8669
46,2433,5758
69,525,9711
82,2368,4309
12,2565,7786
3,1308,3646
41,2156,6174
99,2131,7625
29,2689,1992
1,490,5158
99,48,10066
68,60,8544
87,1428,9827
15,1300,2517
59,2373,750
18,2124,3357
48,1062,2311
68,2652,5124
88,1165,2758
39,2901,1945
45,2252,3333
69,1828,9918
82,687,7805
39,90,8778
75,1201,6480
46,174,3170
82,2324,2919
60,2465,7108
28,268,7451
20,360,8215
35,669,4021
13,2433,10373
89,23,3034
19,366,8802
16,338,1041
65,2354,4920
17,2201,2945
98,1260,5148
90,1200,6585
91,598,642
24,826,3298
35,238,2053
87,2891,778
61,1616,2161
27,1101,3800
52,1557,9668
6,1604,2117
95,1656,9049
3,2555,6151
44,1314,5659
4,1736,9459
36,2143,10248
35,2866,3232
42,3090,5535
28,905,581
19,2802,9930
81,798,10058
61,2967,1698
15,2929,3229
14,2678,4460
79,2708,5899
46,2306,8580
75,2245,889
12,2112,7850
67,1890,7639
52,451,4250
54,98,9853
66,2549,4581
45,3044,4197
100,562,7630
55,45,954
73,557,7386
43,1256,579
4,149,1885
11,79,1714
1,329,9157
78,2093,2010
82,1682,9893
41,2958,10107
65,1814,10439
56,1778,9381
25,2751,2322
86,1709,4741
41,516,5016
21,770,2711
65,2321,8916
99,2115,10146
52,1367,7587
23,2229,3861
31,468,5653
80,1433,10214
39,332,844
19,323,1699
54,2698,2978
58,230,6939
3,1283,8054
69,1773,3225
74,1593,4996
73,1917,7673
39,2894,3300
23,1767,4403
94,2794,1021
99,558,7345
74,520,8440
100,2296,2696
96,1335,8250
2,261,7425
12,2461,8809
84,1693,1734
49,2154,5513
26,2820,3636
17,1847,4616
49,2307,6828
13,1109,2877
47,966,9986
66,1589,4236
45,2729,7125
81,582,6429
4,2267,1162
79,294,7094
58,376,10251
27,1950,9817
52,2221,5276
27,818,9133
61,2365,2899
92,445,8356
21,2892,2548
40,1472,6799
33,1906,3230
88,1265,2028
83,1713,6941
52,1358,5075
86,1280,1320
11,3030,1166
91,1073,6185
26,2235,6923
51,880,1613
32,2673,9161
12,2456,1409
88,434,644
83,1873,1377
61,3063,7896
67,1623,5751
29,1159,4268
36,1755,5404
53,1413,9902
12,2614,2366
33,2580,3244
88,149,8724
23,1448,5159
33,747,1607
21,1537,6384
34,2662,7211
44,2110,8329
42,831,3024
95,2797,6573
99,385,5906
22,3021,601
81,3075,7883
66,128,4708
49,790,3487
90,2581,891
42,913,6731
65,1644,564
17,2732,1102
80,450,7470
19,1539,7953
75,2979,1248
62,1596,9278
8,2599,7044
49,1907,9958
91,849,558
40,971,3574
22,1564,6189
54,444,1551
54,1440,4088
19,251,2561
14,1977,2331
63,1796,9115
39,2055,4620
51,316,9006
49,12,4181
11,300,2422
29,608,8454
41,3042,9885
44,1172,3388
42,380,4794
22,2142,1490
27,549,5197
41,2260,6103
17,1750,3786
99,2687,1902
34,1280,4357
50,1513,2315
13,2021,1152
95,2818,8665
80,1339,897
21,1476,6844
18,1768,9727
46,2614,6285
29,1644,10229
79,2992,7291
52,42,7983
63,1080,2437
73,223,6051
68,919,1632
3,375,4603
12,1847,1494
31,2011,8677
56,2167,2776
65,66,8072
32,1629,8266
16,421,8307
82,1287,1640
17,274,5066
39,314,7043
60,1028,1253
57,3046,6519
28,2547,10436
24,2700,8236
89,1299,4913
20,499,1307
90,1938,3499
99,143,5455
58,1961,6973
80,185,757
44,3072,7624
18,265,3488
18,2796,9590
1,1714,3349
85,700,6664
74,289,3580
2,2256,6397
11,1231,2945
74,679,2274
61,883,1857
59,1973,6998
48,2761,10327
59,1831,2307
84,237,4919
39,1697,941
43,2340,3732
70,1208,8042
92,1623,7911
77,2023,5557
57,1261,6181
16,1325,5604
85,564,4676
67,812,690
34,1424,5878
10,919,8140
17,595,2397
84,1898,8896
49,1278,568
31,346,9558
21,2598,625
26,2365,5737
5,2570,3124
48,2716,2017
4,1436,904
79,149,8765
73,3048,8781
3,1742,6108
79,1814,10150
94,1008,1676
1,670,4651
36,2410,1067
64,2194,5702
52,2569,3924
90,1831,5609
29,291,9344
78,2486,8067
27,360,8602
51,1817,9990
42,1625,675
63,2278,899
5,2017,7221
90,2251,7667
36,2263,4181
44,2170,6718
9,323,7178
40,2987,7783
5,2250,7028
11,2087,4123
68,22,3879
6,335,6143
60,2399,2303
82,2684,4673
91,2074,3672
2,2112,7094
49,2473,8905
96,1240,7079
79,2643,3641
46,2426,8125
46,44,2620
100,1424,8541
76,2128,7781
14,278,1158
53,1705,3404
31,1258,737
98,1021,6922
61,1344,595
88,1615,6009
64,2532,3398
38,1977,6901
28,1498,9674
71,2225,7300
60,1469,3459
41,58,9287
72,2114,4141
3,2288,6628
71,2769,2324
23,474,6528
35,948,1017
17,2720,2599
89,2099,1756
83,1205,3036
95,1312,8320
56,535,2130
94,1946,9936
72,2615,3065
87,1943,6164
57,871,9051
51,2776,9570
23,432,3104
96,951,3483
39,120,5605
7,1107,4834
26,2843,6278
63,2294,6183
22,2955,5702
31,1319,8861
44,2045,5331
82,2672,4124
63,2235,8579
2,1416,7160
73,2975,10300
55,238,9014
95,526,6891
99,1473,2701
84,1106,1953
59,106,3559
87,2403,4941
85,2948,4646
99,1367,8363
70,1897,4525
94,2708,6861
82,606,4042
45,2638,2883
40,848,811
49,518,9643
80,1953,10286
14,489,4369
8,2321,2037
9,2308,9324
44,2088,6667
88,1326,9652
78,1524,7951
59,865,6114
31,1469,5331
48,2122,3097
28,857,5775
100,1200,6876
16,1013,5116
43,1954,3576
76,2396,5702
5,1875,3705
13,703,2643
38,2104,9122
59,923,8478
15,2247,1647
30,342,2547
16,865,3812
14,871,557
17,112,3660
2,314,6185
11,2628,5360
57,1525,2306
83,1385,5447
36,2013,8087
29,1969,2667
99,1578,4481
6,723,8600
81,956,10352
43,634,5409
6,1214,10410
77,840,2945
54,1417,8894
70,2307,5881
86,2646,6186
33,2594,8892
77,834,3216
19,1282,3996
26,1927,3260
74,520,4912
88,1016,736
1,2842,1869
57,2731,3827
99,1094,3490
37,1270,7679
15,564,3996
68,927,6229
9,2856,6573
73,2732,814
43,2652,667
35,339,6686
98,1035,9836
30,2385,6717
59,1882,8928
56,3053,7648
13,621,1625
76,530,920
54,942,7452
41,1904,9579
16,920,954
61,1549,2553
14,783,4660
58,331,6722
94,2489,3714
80,1118,7751
78,664,2470
24,2000,7294
88,2776,5095
89,2723,10291
68,2705,4879
95,2141,10208
74,1514,7585
47,1633,9683
27,1109,9372
68,1827,5290
36,2970,5693
94,2722,4442
26,2168,3761
51,2033,784
59,1088,8004
39,91,1046
45,1371,9551
64,1539,9385
95,2023,2785
60,803,3789
100,993,2378
28,1496,6706
87,551,9717
5,2753,4136
82,2590,4821
4,2186,7013
46,198,8945
3,2120,1941
3,2195,8883
19,71,5402
37,552,9704
6,1947,1395
96,782,8834
14,829,7649
65,570,5057
22,2986,10060
45,1808,4505
21,1876,6932
63,2860,3937
24,1582,7964
35,962,2243
83,779,3507
38,2342,6782
27,1575,6525
35,172,7235
5,2260,5469
88,1167,4169
41,2018,7724
16,2438,3739
26,631,1875
32,2071,4498
42,2287,6186
81,1256,6114
29,919,5760
74,2796,1583
97,2925,7082
51,3059,1067
59,2895,4129
13,1851,7164
66,1557,7911
94,188,6086
81,604,7048
53,63,898
77,2562,2530
82,1788,9322
45,1342,1693
38,348,5195
82,2527,7484
37,1883,4932
73,983,2087
63,580,6820
56,2547,3295
53,2218,6797
77,1504,2377
84,2655,9094
96,440,2358
44,1592,6270
18,2027,1628
78,2411,639
97,1960,927
11,2218,6083
88,1537,5016
30,29,10284
80,2630,7571
44,464,8186
42,2520,6653
94,2731,2065
57,3041,2334
40,444,3923
21,1565,584
84,3040,724
47,771,511
11,144,2537
75,1358,5524
19,2849,2060
88,358,6992
32,2419,8902
78,615,3190
23,2778,1327
1,1367,5563
90,1126,6542
94,1988,5359
95,2998,8231
34,1445,924
51,702,2669
67,1862,7710
16,1242,9102
92,266,2201
39,2038,8692
76,193,7593
6,2093,3809
99,2777,7359
63,214,6815
17,2812,5714
59,943,5431
83,2256,2721
6,1826,8730
49,980,7649
15,523,5031
50,189,4658
56,59,10073
33,76,8494
33,2703,5909
45,2342,5923
67,2438,1484
54,1689,4846
28,1282,1546
72,2035,2650
81,776,5127
92,671,10184
50,1815,2238
72,3009,7219
38,2629,7469
80,2761,10448
9,1572,1294
92,1434,3361
49,1068,5021
12,436,4023
84,2777,1165
28,3068,2417
76,385,5985
86,662,2242
43,2774,8286
9,425,4452
7,2177,692
95,456,9550
60,3007,6634
81,2745,8335
34,2704,1084
52,2343,9930
61,1622,6034
32,1617,9543
69,963,10407
44,1185,8186
7,1375,3254
15,1435,8077
48,1098,10398
95,1708,6864
82,2881,9591
42,845,7682
99,1361,6476
11,908,3374
87,2281,754
13,1404,5380
28,3,6618
69,1894,1804
37,931,3796
92,2935,1106
31,2219,679
77,1853,9597
11,2987,9933
6,47,1149
59,1498,592
17,487,2704
98,1014,2440
89,705,2471
31,1549,9148
91,338,832
68,692,10042
56,2223,6590
26,1618,6673
22,1026,6135
48,2145,10275
14,2776,7610
31,2408,8472
44,2473,3549
59,3096,9404
61,2671,7471
23,537,3994
54,1593,2847
75,2217,10448
2,971,9984
53,387,1777
62,726,6010
3,596,6942
57,2993,5852
51,9,6827
8,843,2910
31,696,1719
17,1889,8803
6,309,9276
17,2649,9119
84,307,1679
37,2256,9506
9,1160,4250
20,2660,8466
8,2986,5172
7,381,5614
42,1997,2657
22,2147,10195
43,2609,7044
38,2210,6902
64,2051,10011
2,2929,5269
22,44,7959
90,486,9035
49,451,9469
55,2700,9741
77,2834,3221
44,410,4444
63,2043,9277
74,2233,9841
20,2864,2718
3,2217,10289
8,127,6615
24,2942,5910
87,2530,5522
48,2711,4427
37,1842,4542
2,1900,4002
48,1456,2263
58,382,8202
5,2880,2541
78,2046,7442
82,340,5886
54,1842,3655
13,1695,9485
55,342,4253
61,3089,9038
57,967,791
59,2630,5426
62,904,1942
82,794,3400
20,3043,981
11,39,6891
63,868,6564
37,1151,7911
18,2218,523
83,1995,2338
84,1440,9684
35,1252,598
20,1703,9737
46,1823,9420
90,1457,8014
90,917,5648
76,2120,9097
94,1657,9324
43,411,3521
89,212,3897
63,2806,9514
47,741,2208
82,935,8656
12,253,9974
58,1877,3009
22,1690,6265
84,2436,2660
88,1883,3130
45,1111,2452
20,2286,10339
63,1375,6885
68,476,5490
35,1953,8787
46,2876,9133
1,3024,5932
91,267,566
48,2922,1398
46,436,4843
43,2414,9287
66,875,6144
22,1753,8703
80,1535,5480
69,1247,8267
66,1806,3738
12,2218,2094
32,305,7651
27,1721,1520
99,2566,6300
33,1065,5948
29,141,6454
93,935,7961
52,1778,7781
39,2881,4526
78,1289,9502
61,1654,7160
9,2333,2061
99,3049,1255
7,1437,5364
43,760,8338
78,789,8593
6,308,6111
96,1234,7903
78,3083,810
98,2193,1643
16,2345,3086
29,511,8471
29,2384,1859
80,1088,5403
52,1064,2354
42,1761,7094
72,2801,5948
21,2258,3827
65,1678,2437
67,1886,2152
98,1268,6297
38,2370,9381
20,914,6659
27,1005,4471
34,1143,6092
24,339,3335
34,382,10396
58,2697,1685
16,1556,2983
70,2880,1599
7,1678,9299
64,1234,9107
53,537,5935
1,1463,666
78,1112,625
74,2317,1323
33,1361,6024
22,638,6237
9,1415,1556
7,2181,5531
27,1984,2692
72,508,6664
95,1146,5979
53,1416,3522
1,1377,2940
31,1264,7369
50,976,4905
51,2365,8550
62,1505,5431
88,2199,4000
2,2263,9599
71,2964,1272
75,2232,10243
52,2009,1275
77,432,508
39,1512,4244
27,52,4859
100,434,1361
9,1336,6168
94,3028,7118
87,2335,9007
46,1342,4639
92,895,5752
55,769,7436
23,2874,1930
1,2108,1231
60,356,4381
67,235,1302
45,1444,2602
20,2034,802
62,113,6039
39,1200,3084
41,525,8937
23,2536,3493
15,1039,7651
21,1027,1384
58,1236,5579
12,2368,6911
95,1697,541
22,429,8779
83,2565,10245
23,570,2244
69,1981,5878
64,2042,7739
33,2348,7859
19,1623,9041
98,1416,7113
68,235,6096
55,879,7356
19,2337,1423
46,1771,5660
49,221,9603
50,110,1404
98,1169,1805
51,3020,3714
10,2173,9621
83,1448,554
69,1234,8711
57,2780,5627
71,653,7908
63,991,8744
56,616,3044
10,2573,4124
56,771,7263
65,405,1491
40,993,7418
58,2628,4811
59,1602,7596
8,2436,1835
23,1742,9655
3,2682,7503
34,261,10028
89,540,3053
28,2018,2585
99,3058,8873
63,2276,1897
76,1636,8479
88,272,6556
27,2060,1557
55,2797,10456
96,1662,9894
51,2701,3402
36,1490,10102
73,418,4109
90,2361,3121
39,990,9679
65,1806,1102
44,1811,7598
80,1864,6389
13,2910,7711
95,194,4962
34,2712,4856
15,1891,9591
20,876,9992
31,2843,3722
25,3005,10191
58,2016,1843
21,2441,4166
11,788,9938
93,1868,9488
53,1083,7652
61,2303,8742
33,782,3280
31,2249,7405
97,2252,1431
97,618,5525
2,2041,9899
56,293,4891
74,1773,2194
14,2406,3281
91,1827,5389
68,2127,6990
38,3083,3286
45,898,4121
25,866,9481
59,1440,3405
7,2157,9755
97,1516,9178
54,1007,9259
27,1862,2951
73,1133,1137
90,854,6174
58,1014,1042
34,1886,5443
95,968,1407
4,2344,4473
22,2522,6693
21,2032,4599
32,279,2129
9,1403,3172
38,2571,4510
90,230,9078
10,1801,6647
9,3068,4983
12,611,1508
81,1926,10229
77,2995,7593
42,694,9906
69,3,10436
6,1835,7959
95,1173,5468
80,1993,2878
43,2790,5527
30,2602,6112
89,496,8145
64,2457,1773
57,1266,4152
93,1614,1934
44,335,3986
100,1271,6255
24,444,4411
16,1652,9593
19,2355,1608
91,1895,7750
61,2360,6635
58,1587,3615
83,853,4721
12,1929,6576
82,2217,2048
57,2056,2982
94,502,8151
18,420,2706
73,2711,3060
29,1608,8546
26,1033,5700
79,569,5348
25,1032,6102
3,1786,9872
63,2003,6657
81,770,6714
28,1594,7006
26,178,7582
64,2348,3016
22,3063,1154
45,759,1673
47,1826,7492
75,1990,7217
39,1620,4238
52,83,2727
91,1600,807
54,1324,4693
7,550,1870
57,2791,4490
29,629,4787
2,1412,3054
8,1445,3100
35,1401,6927
61,1876,2177
39,2810,6965
46,2961,6393
94,42,7626
32,1556,6616
31,1394,5950
75,817,1327
39,1504,6122
26,375,9653
6,2846,8861
76,2078,9111
20,1431,9649
42,1102,3590
39,1024,6330
23,126,694
17,666,6297
62,314,8785
96,325,3725
47,2638,9942
21,364,8367
54,2302,3003
66,790,1802
40,597,1529
49,2258,9006
36,1401,1552
24,93,3694
14,3081,6024
29,992,2741
30,576,7381
54,2975,6807
14,753,7388
21,2228,9919
79,1648,4219
83,516,4731
4,1483,5039
27,1066,6745
67,429,2455
71,672,5445
75,1287,6739
73,1468,3967
36,517,3848
8,664,886
26,1757,2354
18,2635,2092
17,1775,9745
91,2321,5332
84,2610,7536
25,1746,5801
84,1588,3845
22,2853,1818
63,2281,5672
14,1566,8011
82,1204,6094
25,204,5057
47,1408,6506
48,1629,5062
1,910,2990
60,1456,5113
79,2902,4790
36,1481,9845
83,711,5490
9,1869,6892
61,963,6744
92,3056,10251
54,2360,10362
76,2205,7416
87,2946,2945
58,1037,9995
50,1393,6466
2,1322,3694
83,1781,3828
3,555,6078
85,624,7441
11,2476,3195
20,1233,6049
90,1761,5445
30,2506,1550
17,2641,4396
84,1752,652
47,2278,10492
61,2522,4503
64,1062,1517
83,2107,1398
22,1963,3697
63,2525,3656
98,1060,6009
17,1802,7523
85,1782,3633
47,981,5179
15,2024,9876
25,2708,8723
9,1850,6247
94,2568,5961
36,2966,2139
44,27,9746
60,2042,9296
15,20,9653
66,2682,9224
10,2249,2687
13,603,9953
27,448,7649
21,3069,7904
47,2915,3765
24,731,7435
81,1391,7106
26,1451,9364
2,360,2901
69,1679,1925
35,2095,1023
57,151,6185
9,1093,5648
48,1975,4177
94,51,2946
97,2033,10252
72,776,5756
44,2383,6458
95,2198,2286
24,2556,10133
35,1867,3939
84,2909,5676
57,414,2514
6,951,3043
29,1431,1020
94,418,2552
29,3023,8087
29,2933,4188
74,1236,8906
72,602,6239
5,2409,9231
99,2244,8564
73,1741,2180
17,770,6217
99,2890,10305
70,254,2317
18,769,9507
97,1530,6903
92,831,10200
16,1494,9706
1,1367,10400
14,2070,10262
55,425,6439
75,1266,6634
67,2971,1620
73,973,4209
23,840,666
15,27,1164
66,2866,9910
61,131,5766
55,2078,7383
12,1407,6646
24,1625,10268
48,2175,8611
21,2020,8244
69,50,2378
95,2639,6130
88,3011,9609
99,1832,8943
95,1535,5497
90,1900,2621
78,378,4775
45,2345,4889
43,767,6371
41,2467,3174
42,2163,10430
3,68,1540
9,5,7715
54,826,10392
59,151,2080
32,2642,912
5,1745,3578
100,2731,6395
87,1864,4980
89,1740,4655
63,2401,5061
98,2178,7493
19,515,7546
51,2813,6585
48,1118,799
4,1486,7795
19,2800,5774
67,2498,4984
44,270,9069
43,2808,1643
19,1905,916
52,1664,5213
51,1282,6352
6,128,1908
46,1886,1610
74,363,6555
42,762,6413
97,717,7357
55,266,6299
93,2050,678
52,677,9350
92,1233,7136
3,1115,6043
57,396,4066
79,1928,8217
50,1466,8489
24,228,2429
88,1328,5518
68,1544,6565
15,609,7106
36,578,8936
35,972,9077
81,2874,1755
59,1297,6950
92,624,7311
50,1626,9682
28,468,3483
81,2459,4215
89,2411,7059
50,129,910
12,1304,7782
48,2927,10210
24,21,4398
50,2841,8380
10,703,4330
51,1272,8381
16,823,608
50,276,9669
97,2287,8346
61,1156,8644
93,1180,1387
98,2156,5566
63,2753,4844
31,1684,5508
4,822,7590
73,1169,7007
38,2345,3099
92,3031,3119
41,1186,2005
66,2620,6503
33,52,8142
79,1486,1159
84,2155,2211
92,1761,2803
80,2431,7536
88,1103,8844
99,3000,4105
13,1500,9826
48,1945,6577
48,1208,4791
61,1896,4284
48,2197,4005
40,2181,7689
29,1577,6214
86,1766,4409
60,2111,4757
25,848,10424
93,587,2446
43,209,8622
18,542,6423
85,1864,1265
54,1140,8835
33,1345,1000
56,1358,7608
95,2577,4385
87,3081,4935
91,2155,7307
11,2195,5041
76,619,7254
90,585,2727
67,1330,2154
8,2258,2316
28,1484,7019
81,1687,6799
39,2064,649
67,1181,5183
43,1829,9594
36,1540,8194
93,2889,1237
49,814,6934
72,2304,3149
10,722,7056
30,938,3598
89,1714,6978
13,11,1837
3,53,9652
97,1326,9867
58,2670,6622
54,1063,1389
92,1033,3011
90,1879,5331
34,2287,7717
97,2422,7618
47,1299,6411
44,2829,4399
